vehicle_id,avg_speed,max_speed,min_speed,speed_std,avg_throttle,max_throttle,throttle_std,avg_brake,max_brake,brake_std,avg_battery_soc,min_battery_soc,avg_battery_temp,max_battery_temp,avg_motor_temp,max_motor_temp,avg_battery_voltage,min_battery_voltage,max_battery_voltage,avg_battery_current,avg_ac_power,total_ac_power,total_records,avg_energy_rate,speed_range,throttle_range,high_throttle_ratio,high_brake_ratio,driving_scenario,cluster
EV-0001,60.552339999999994,72.7,4.69,7.265574230113761,18.59683,50.83,4.429430042522585,0.26071999999999995,19.21,1.7489695755433192,97.54558,93.55,25.22601,28.03,57.372930000000004,70.93,398.85244,392.72,406.13,59.59446,2.51534,2515.34,1000,23.768090760899998,68.01,32.23317,0.5083,0.19210000000000002,巡航,2
EV-0002,90.0689,111.28,6.43,11.909133270110175,30.61021,69.01,5.270916107519877,0.28881999999999997,27.8,2.3588240414364225,95.58271,90.3,25.471220000000002,28.74,62.27124,88.19,397.77532,390.4,407.0,59.392590000000006,2.4974000000000003,2497.4,1000,23.6243532201,104.85,38.39979000000001,0.6901,0.278,巡航,0
EV-0003,131.83241,165.08,8.7,18.01968895630505,54.81142,100.0,9.291893535177264,1.74738,44.5,6.857210049667815,94.35605,88.15,25.54485,28.96,71.99219000000001,98.86,397.18993,388.91,404.44,60.90949,2.5343400000000003,2534.34,1000,24.190837752,156.38000000000002,45.18858,1.0,0.445,均衡,1
